{"cameraMode":{"drawMode":0,"name":"Shaded","section":"Shading Mode"},"sceneLighting":true,"audioPlay":false,"sceneViewState":{"showFog":true,"showMaterialUpdate":false,"showSkybox":true,"showFlares":true,"showImageEffects":true,"showParticleSystems":true},"in2DMode":false,"pivot":{"x":-124.58724975585938,"y":2.8967747688293459,"z":-175.19847106933595},"rotation":{"x":0.19808560609817506,"y":0.7654759287834168,"z":-0.27795565128326418,"w":0.5455259084701538},"size":19.006107330322267,"orthographic":false}