{"cameraMode":{"drawMode":0,"name":"Shaded","section":"Shading Mode"},"sceneLighting":true,"audioPlay":false,"sceneViewState":{"showFog":true,"showMaterialUpdate":false,"showSkybox":true,"showFlares":true,"showImageEffects":true,"showParticleSystems":true},"in2DMode":false,"pivot":{"x":-145.0833282470703,"y":8.50672435760498,"z":-196.28204345703126},"rotation":{"x":0.4001868963241577,"y":-0.06502579152584076,"z":0.02850830927491188,"w":0.913731038570404},"size":4.545234203338623,"orthographic":false}